orderId,creationDate,value,sellerName,statusDescription,utmSource,utmMedium,utmCampaign,totals_Items,totals_Discounts,totals_Shipping,totals_Tax,data_extracao
1601551151276-01,2026-01-07T11:00:42.0013753+00:00,25980,Electrolux,Pagamento Aprovado,LP2APP,LP2APP,VER_TODOS,24990,0,990,0,2026-01-07 08:23:25
1601551151276-02,2026-01-07T11:00:42.0015040+00:00,20945,Philco,Pagamento Aprovado,LP2APP,LP2APP,VER_TODOS,18990,0,1955,0,2026-01-07 08:23:26
1601551151274-01,2026-01-07T10:30:52.6900044+00:00,46403,WebContinental Marketplace,Pagamento Aprovado,LP2APP,LP2APP,CAMPO_BUSCA,41982,0,4421,0,2026-01-07 08:23:26
1601531151268-01,2026-01-07T09:06:58.9695313+00:00,18096,Encantech Shop,Pagamento Aprovado,,,,16900,0,1196,0,2026-01-07 08:23:26
1601531151266-01,2026-01-07T08:42:10.4290782+00:00,44901,Philco,Pagamento Aprovado,LP2APP,LP2APP,CAMPO_BUSCA,37980,0,6921,0,2026-01-07 08:23:26
1601521151261-01,2026-01-07T07:51:10.9801069+00:00,152261,Multiloja,Pagamento Aprovado,APP,APP,TV,131980,0,20281,0,2026-01-07 08:23:26
1601521151260-01,2026-01-07T07:42:37.1896876+00:00,8288,Rotha Cosméticos,Pagamento Aprovado,LP2APP,LP2APP,VER_TODOS,6303,0,1985,0,2026-01-07 08:23:27
1601521151258-01,2026-01-07T07:37:13.2051785+00:00,20321,WebContinental Marketplace,Pagamento Aprovado,,,,17400,0,2921,0,2026-01-07 08:23:27
1601521151258-02,2026-01-07T07:37:13.2052962+00:00,11328,Mini Preço,Pagamento Aprovado,,,,9990,0,1338,0,2026-01-07 08:23:27
1601511151257-01,2026-01-07T07:11:04.0865785+00:00,12937,Encantech Shop,Pagamento Aprovado,LP2APP,LP2APP,CAMPO_BUSCA,12300,0,637,0,2026-01-07 08:23:27
1601511151256-01,2026-01-07T07:03:05.4143999+00:00,62433,Encantech Shop,Pagamento Aprovado,LP2APP,LP2APP,VER_TODOS,54000,0,8433,0,2026-01-07 08:23:27
1601501151255-01,2026-01-07T06:19:07.3775560+00:00,6278,Mini Preço,Pagamento Aprovado,LP2APP,LP2APP,CAMPO_BUSCA,4990,0,1288,0,2026-01-07 08:23:27
1601491151251-01,2026-01-07T05:14:07.2185810+00:00,86302,Webfones,Pagamento Aprovado,LP2APP,LP2APP,CAMPO_BUSCA,82900,0,3402,0,2026-01-07 08:23:28
1601491151248-01,2026-01-07T04:37:12.2583739+00:00,29177,WebContinental Marketplace,Pagamento Aprovado,APP,APP,TV,11489,0,17688,0,2026-01-07 08:23:28
1601481151246-01,2026-01-07T04:22:04.5514951+00:00,7153,Indiana,Pagamento Aprovado,LP2APP,LP2APP,CABELO,5938,0,1215,0,2026-01-07 08:23:28
1601481151245-01,2026-01-07T04:20:30.8810089+00:00,9194,WebContinental Marketplace,Faturado,LP2APP,LP2APP,CAMPO_BUSCA,5615,0,3579,0,2026-01-07 08:23:28
1601471151239-01,2026-01-07T03:14:22.5444509+00:00,87185,Webfones,Pagamento Aprovado,LP2APP,LP2APP,CELULARES,82900,0,4285,0,2026-01-07 08:23:28
1601471151238-01,2026-01-07T03:00:54.8206758+00:00,4889,Indiana,Pagamento Aprovado,LP2APP,LP2APP,CAMPO_BUSCA,3990,0,899,0,2026-01-07 08:23:28
1601471151233-01,2026-01-07T02:53:52.4795239+00:00,22115,Multiloja,Pagamento Aprovado,LP2APP,LP2APP,CAMPO_BUSCA,19990,0,2125,0,2026-01-07 08:23:28
1601471151232-01,2026-01-07T02:44:19.4859742+00:00,29649,Guimepa,Pagamento Aprovado,APP,APP,ESQUENTA_BLACK2025,26790,0,2859,0,2026-01-07 08:23:29
1601461151228-01,2026-01-07T02:00:20.6754615+00:00,11422,Philco,Faturado,LP2APP,LP2APP,VER_TODOS,9490,0,1932,0,2026-01-07 08:23:29
1601461151227-01,2026-01-07T01:57:45.0378456+00:00,62360,Philco,Faturado,LP2APP,LP2APP,CAMPO_BUSCA,54990,0,7370,0,2026-01-07 08:23:29
1601461151226-01,2026-01-07T01:49:50.1153069+00:00,49998,Madesa,Pagamento Aprovado,LP2APP,LP2APP,CAMPO_BUSCA,43999,0,5999,0,2026-01-07 08:23:29
1601461151221-01,2026-01-07T01:44:37.1841150+00:00,25278,Guimepa,Pagamento Aprovado,LP2APP,LP2APP,CABELO,17380,0,7898,0,2026-01-07 08:23:29
1601461151221-02,2026-01-07T01:44:37.1842874+00:00,32591,WebContinental Marketplace,Pagamento Aprovado,LP2APP,LP2APP,CABELO,30914,0,1677,0,2026-01-07 08:23:29
1601461151219-02,2026-01-07T01:44:33.6394021+00:00,73570,WebContinental Marketplace,Pagamento Aprovado,LP2APP,LP2APP,CAMPO_BUSCA,61000,0,12570,0,2026-01-07 08:23:30
1601461151219-01,2026-01-07T01:44:33.6392123+00:00,156115,Philco,Faturado,LP2APP,LP2APP,CAMPO_BUSCA,149980,0,6135,0,2026-01-07 08:23:30
1601461151218-01,2026-01-07T01:43:39.8336395+00:00,15544,Encantech Shop,Pagamento Aprovado,,,,14900,0,644,0,2026-01-07 08:23:30
1601461151217-01,2026-01-07T01:41:10.0649297+00:00,127911,Encantech Shop,Pagamento Aprovado,,,,119800,0,8111,0,2026-01-07 08:23:30
1601461151216-01,2026-01-07T01:39:51.6472771+00:00,18333,Encantech Shop,Pagamento Aprovado,LP2APP,LP2APP,CAMPO_BUSCA,17900,0,433,0,2026-01-07 08:23:30
1601451151214-01,2026-01-07T01:26:56.4918728+00:00,9105,WebContinental Marketplace,Faturado,LP2APP,LP2APP,CAMPO_BUSCA,7277,0,1828,0,2026-01-07 08:23:31
1601451151213-01,2026-01-07T01:22:14.2608738+00:00,11156,Encantech Shop,Pagamento Aprovado,LP2APP,LP2APP,VER_TODOS,9990,0,1166,0,2026-01-07 08:23:31
1601451151212-01,2026-01-07T01:20:48.1198107+00:00,13258,WebContinental Marketplace,Faturado,LP2APP,LP2APP,CAMPO_BUSCA,11691,0,1567,0,2026-01-07 08:23:31
1601451151207-01,2026-01-07T01:02:50.2644176+00:00,27266,WebContinental Marketplace,Pagamento Aprovado,,,,27266,0,0,0,2026-01-07 08:23:31
1601451151206-01,2026-01-07T01:02:14.0389193+00:00,5251,Indiana,Pagamento Aprovado,,,,4478,0,773,0,2026-01-07 08:23:31
1601451151197-01,2026-01-07T00:49:00.1557665+00:00,3393,WebContinental Marketplace,Pagamento Aprovado,,,,2490,0,903,0,2026-01-07 08:23:31
1601451151195-01,2026-01-07T00:40:41.5144161+00:00,10980,Electrolux,Pagamento Aprovado,LP2APP,LP2APP,CAMPO_BUSCA,9990,0,990,0,2026-01-07 08:23:32
1601451151193-02,2026-01-07T00:40:23.1175807+00:00,4798,Mini Preço,Pagamento Aprovado,LP2APP,LP2APP,CAMPO_BUSCA,2999,0,1799,0,2026-01-07 08:23:32
1601451151193-01,2026-01-07T00:40:23.1174524+00:00,9970,WebContinental Marketplace,Faturado,LP2APP,LP2APP,CAMPO_BUSCA,7686,0,2284,0,2026-01-07 08:23:32
1601451151191-01,2026-01-07T00:35:08.1946999+00:00,36980,Electrolux,Pagamento Aprovado,LP2APP,LP2APP,CAMPO_BUSCA,35990,0,990,0,2026-01-07 08:23:32
1601451151189-01,2026-01-07T00:33:39.2846571+00:00,86480,WebContinental Marketplace,Pagamento Aprovado,LP2APP,LP2APP,CAMPO_BUSCA,84990,0,1490,0,2026-01-07 08:23:32
1601441151165-01,2026-01-07T00:21:22.3036608+00:00,8490,Mini Preço,Pagamento Aprovado,,,,5990,0,2500,0,2026-01-07 08:23:33
1601441151164-01,2026-01-07T00:21:19.4959775+00:00,268371,WebContinental Marketplace,Pagamento Aprovado,LP2APP,LP2APP,CAMPO_BUSCA,249900,0,18471,0,2026-01-07 08:23:33
1601441151161-01,2026-01-07T00:18:06.7890244+00:00,57980,Electrolux,Pagamento Aprovado,LP2APP,LP2APP,CAMPO_BUSCA,56990,0,990,0,2026-01-07 08:23:33
1601441151158-01,2026-01-07T00:16:55.3794850+00:00,13158,Philco,Faturado,LP2APP,LP2APP,CAMPO_BUSCA,9490,0,3668,0,2026-01-07 08:23:33
1601441151155-01,2026-01-07T00:16:22.7510362+00:00,11499,Philco,Faturado,PUSH,	PUSH,060126,9490,0,2009,0,2026-01-07 08:23:33
1601441151152-01,2026-01-07T00:15:00.7141778+00:00,75999,Madesa,Pagamento Aprovado,,,,75999,0,0,0,2026-01-07 08:23:33
1601441151151-01,2026-01-07T00:14:05.6903006+00:00,11013,Pense Farma,Pagamento Aprovado,LP2APP,LP2APP,VER_TODOS,7139,0,3874,0,2026-01-07 08:23:33
1601441151146-01,2026-01-07T00:12:41.5452130+00:00,109900,Direct Stock,Pagamento Aprovado,LP2APP,LP2APP,CAMPO_BUSCA,109900,0,0,0,2026-01-07 08:23:34
1601441151130-01,2026-01-07T00:03:22.0130318+00:00,54510,Pneu Barato,Pagamento Aprovado,LP2APP,LP2APP,VER_TODOS,47557,0,6953,0,2026-01-07 08:23:34
1601441151128-01,2026-01-06T23:56:24.5071543+00:00,11458,Philco,Faturado,LP2APP,LP2APP,VER_TODOS,9490,0,1968,0,2026-01-07 08:23:34
1601441151124-01,2026-01-06T23:48:03.3950180+00:00,45269,Philco,Faturado,LP2APP,LP2APP,VER_TODOS,37980,0,7289,0,2026-01-07 08:23:35
1601441151119-01,2026-01-06T23:44:35.7492748+00:00,58941,Philco,Faturado,LP2APP,LP2APP,CAMPO_BUSCA,54990,0,3951,0,2026-01-07 08:23:35
1601441151116-01,2026-01-06T23:38:49.4283766+00:00,11458,Philco,Faturado,PUSH,	PUSH,060126,9490,0,1968,0,2026-01-07 08:23:35
1601441151115-01,2026-01-06T23:36:46.7486229+00:00,25016,WebContinental Marketplace,Faturado,LP2APP,LP2APP,CAMPO_BUSCA,21780,0,3236,0,2026-01-07 08:23:36
1601441151112-01,2026-01-06T23:34:50.7603520+00:00,17542,WebContinental Marketplace,Pagamento Aprovado,LP2APP,LP2APP,VER_TODOS,15999,0,1543,0,2026-01-07 08:23:36
1601441151112-02,2026-01-06T23:34:50.7604982+00:00,26033,Philco,Faturado,LP2APP,LP2APP,VER_TODOS,23990,0,2043,0,2026-01-07 08:23:36
1601441151111-01,2026-01-06T23:32:19.5372653+00:00,23169,Indiana,Pagamento Aprovado,LP2APP,LP2APP,VER_TODOS,20970,0,2199,0,2026-01-07 08:23:36
1601431151103-01,2026-01-06T23:21:37.5078400+00:00,62000,Encantech Shop,Pagamento Aprovado,LP2APP,LP2APP,CAMPO_BUSCA,54000,0,8000,0,2026-01-07 08:23:37
1601431151103-02,2026-01-06T23:21:37.5080599+00:00,62360,Philco,Faturado,LP2APP,LP2APP,CAMPO_BUSCA,54990,0,7370,0,2026-01-07 08:23:37
1601431151103-03,2026-01-06T23:21:37.5081963+00:00,114668,Multiloja,Pagamento Aprovado,LP2APP,LP2APP,CAMPO_BUSCA,94990,0,19678,0,2026-01-07 08:23:37
1601431151097-01,2026-01-06T23:08:57.2855101+00:00,10973,Mini Preço,Pagamento Aprovado,LP2APP,LP2APP,CELULARES,9990,0,983,0,2026-01-07 08:23:37
1601431151095-01,2026-01-06T23:05:46.4850144+00:00,21063,Mini Preço,Pagamento Aprovado,LP2APP,LP2APP,CELULARES,19980,0,1083,0,2026-01-07 08:23:37
1601431151091-01,2026-01-06T22:57:10.3509678+00:00,5332,WebContinental Marketplace,Pagamento Aprovado,LP2APP,LP2APP,CAMPO_BUSCA,3290,0,2042,0,2026-01-07 08:23:38
1601431151091-02,2026-01-06T22:57:10.3511952+00:00,19277,We Connect,Pagamento Aprovado,LP2APP,LP2APP,CAMPO_BUSCA,15790,0,3487,0,2026-01-07 08:23:38
1601431151085-01,2026-01-06T22:41:34.8568689+00:00,15720,WebContinental Marketplace,Faturado,LP2APP,LP2APP,CELULARES,14990,0,730,0,2026-01-07 08:23:38
1601431151084-01,2026-01-06T22:39:59.5751621+00:00,56303,WebContinental Marketplace,Pagamento Aprovado,LP2APP,LP2APP,CAMPO_BUSCA,44075,0,12228,0,2026-01-07 08:23:38
1601431151082-01,2026-01-06T22:32:25.1784335+00:00,340721,Multiloja,Pagamento Aprovado,LP2APP,LP2APP,CAMPO_BUSCA,329990,0,10731,0,2026-01-07 08:23:38
1601421151080-01,2026-01-06T22:27:16.8719546+00:00,8980,Electrolux,Pagamento Aprovado,LP2APP,LP2APP,CAMPO_BUSCA,7990,0,990,0,2026-01-07 08:23:39
1601421151075-01,2026-01-06T22:19:50.4195784+00:00,61890,Electrolux,Faturado,,,,59900,0,1990,0,2026-01-07 08:23:39
1601421151074-01,2026-01-06T22:16:53.6032792+00:00,14635,Philco,Faturado,LP2APP,LP2APP,CAMPO_BUSCA,12990,0,1645,0,2026-01-07 08:23:39
1601421151072-01,2026-01-06T22:10:19.7868065+00:00,99414,Webfones,Pagamento Aprovado,LP2APP,LP2APP,CELULARES,94900,0,4514,0,2026-01-07 08:23:39
1601421151071-01,2026-01-06T22:06:33.3364433+00:00,10177,Gama Italy,Faturado,,,,8990,0,1187,0,2026-01-07 08:23:40
1601421151070-01,2026-01-06T22:05:16.8067848+00:00,17983,Philco,Faturado,LP2APP,LP2APP,CAMPO_BUSCA,15990,0,1993,0,2026-01-07 08:23:40
1601421151066-02,2026-01-06T21:57:15.5655183+00:00,72294,Multiloja,Pagamento Aprovado,LP2APP,LP2APP,CAMPO_BUSCA,59990,0,12304,0,2026-01-07 08:23:40
1601421151066-01,2026-01-06T21:57:15.5653799+00:00,21379,Philco,Faturado,LP2APP,LP2APP,CAMPO_BUSCA,18980,0,2399,0,2026-01-07 08:23:41
1601421151064-01,2026-01-06T21:56:30.4425238+00:00,7889,ROVITEX,Pagamento Aprovado,LP2APP,LP2APP,VER_TODOS,6999,0,890,0,2026-01-07 08:23:41
1601421151064-02,2026-01-06T21:56:30.4427088+00:00,10090,WebContinental Marketplace,Pagamento Aprovado,LP2APP,LP2APP,VER_TODOS,6800,0,3290,0,2026-01-07 08:23:41
1601421151063-01,2026-01-06T21:52:39.1257524+00:00,8185,WebContinental Marketplace,Pagamento Aprovado,LP2APP,LP2APP,VER_TODOS,7020,0,1165,0,2026-01-07 08:23:42
1601421151062-01,2026-01-06T21:51:13.4198662+00:00,13914,Farma Conde,Pagamento Aprovado,LP2APP,LP2APP,VER_TODOS,11680,0,2234,0,2026-01-07 08:23:42
1601421151060-01,2026-01-06T21:46:17.7129835+00:00,99414,Webfones,Pagamento Aprovado,LP2APP,LP2APP,CELULARES,94900,0,4514,0,2026-01-07 08:23:42
1601421151058-01,2026-01-06T21:45:48.5971412+00:00,41928,Philco,Faturado,LP2APP,LP2APP,VER_TODOS,37980,0,3948,0,2026-01-07 08:23:43
1601421151058-02,2026-01-06T21:45:48.5973559+00:00,53210,WebContinental Marketplace,Pagamento Aprovado,LP2APP,LP2APP,VER_TODOS,49800,0,3410,0,2026-01-07 08:23:43
1601421151057-01,2026-01-06T21:44:54.6935361+00:00,22225,We Connect,Pagamento Aprovado,,,,17990,0,4235,0,2026-01-07 08:23:43
1601411151043-01,2026-01-06T21:06:32.2352462+00:00,24538,Mundo Verde,Faturado,LP2APP,LP2APP,CAMPO_BUSCA,22790,0,1748,0,2026-01-07 08:23:44
1601411151032-01,2026-01-06T20:36:45.5666559+00:00,145300,Armazém Circular,Pagamento Aprovado,LP2APP,LP2APP,CAMPO_BUSCA,143300,0,2000,0,2026-01-07 08:23:44
1601401151028-01,2026-01-06T20:09:10.4255729+00:00,21504,Philco,Faturado,PUSH,	PUSH,041225,18990,0,2514,0,2026-01-07 08:23:44
1601401151020-01,2026-01-06T19:54:12.4700128+00:00,27488,Shophub,Pagamento Aprovado,LP2APP,LP2APP,CAMPO_BUSCA,20564,0,6924,0,2026-01-07 08:23:44
1601401151019-01,2026-01-06T19:53:42.2154882+00:00,21483,Philco,Faturado,LP2APP,LP2APP,VER_TODOS,18990,0,2493,0,2026-01-07 08:23:45
1601401151017-01,2026-01-06T19:48:38.0435878+00:00,15037,Philco,Faturado,,,,9490,0,5547,0,2026-01-07 08:23:45
1601401151015-02,2026-01-06T19:47:52.9881830+00:00,20358,Marin Brasil,Pagamento Aprovado,LP2APP,LP2APP,CELULARES,18795,0,1563,0,2026-01-07 08:23:45
1601401151015-01,2026-01-06T19:47:52.9879974+00:00,97169,WebContinental Marketplace,Faturado,LP2APP,LP2APP,CELULARES,66323,0,30846,0,2026-01-07 08:23:45
1601401151013-01,2026-01-06T19:41:15.1981487+00:00,33593,Philco,Faturado,LP2APP,LP2APP,CAMPO_BUSCA,30990,0,2603,0,2026-01-07 08:23:46
1601401151009-01,2026-01-06T19:36:23.0921938+00:00,11861,Philco,Faturado,LP2APP,LP2APP,VER_TODOS,9990,0,1871,0,2026-01-07 08:23:46
1601401151007-01,2026-01-06T19:36:15.7491975+00:00,22128,WebContinental Marketplace,Pagamento Aprovado,LP2APP,LP2APP,VER_TODOS,17189,0,4939,0,2026-01-07 08:23:46
1601401151007-02,2026-01-06T19:36:15.7493426+00:00,11422,Philco,Faturado,LP2APP,LP2APP,VER_TODOS,9490,0,1932,0,2026-01-07 08:23:47
1601401150999-01,2026-01-06T19:33:23.8890815+00:00,83229,Electrolux,Pagamento Aprovado,LP2APP,LP2APP,CAMPO_BUSCA,79900,0,3329,0,2026-01-07 08:23:47
1601401150998-01,2026-01-06T19:30:37.0742819+00:00,20880,WebContinental Marketplace,Pagamento Aprovado,LP2APP,LP2APP,VER_TODOS,17390,0,3490,0,2026-01-07 08:23:47
1601391150997-01,2026-01-06T19:29:53.6466790+00:00,12845,Indiana,Pagamento Aprovado,APP,APP,TV,10799,0,2046,0,2026-01-07 08:23:48
1601391150994-01,2026-01-06T19:24:59.5448615+00:00,270892,Encantech Shop,Pagamento Aprovado,APP,APP,TV,268300,0,2592,0,2026-01-07 08:23:48
1601391150992-01,2026-01-06T19:23:34.5793330+00:00,12195,WebContinental Marketplace,Pagamento Aprovado,LP2APP,LP2APP,CAMPO_BUSCA,7400,0,4795,0,2026-01-07 08:23:48
1601391150991-01,2026-01-06T19:21:45.1679876+00:00,37217,WebContinental Marketplace,Pagamento Aprovado,LP2APP,LP2APP,VER_TODOS,37217,0,0,0,2026-01-07 08:23:48
1601391150990-01,2026-01-06T19:21:25.6446430+00:00,188797,Philco,Faturado,,,,169990,0,18807,0,2026-01-07 08:23:49
1601391150987-01,2026-01-06T19:10:06.6403578+00:00,96518,Multiloja,Pagamento Aprovado,LP2APP,LP2APP,CELULARES,90590,0,5928,0,2026-01-07 08:23:49
1601391150977-01,2026-01-06T18:38:14.0412177+00:00,28789,Guimepa,Pagamento Aprovado,LP2APP,LP2APP,CAMPO_BUSCA,26790,0,1999,0,2026-01-07 08:23:49
1601391150976-01,2026-01-06T18:38:08.5098785+00:00,5322,WebContinental Marketplace,Pagamento Aprovado,LP2APP,LP2APP,CAMPO_BUSCA,3390,0,1932,0,2026-01-07 08:23:49
1601391150970-01,2026-01-06T18:37:51.7103910+00:00,96970,Philco,Faturado,LP2APP,LP2APP,CAMPO_BUSCA,96970,0,0,0,2026-01-07 08:23:50
1601391150964-01,2026-01-06T18:31:12.4500121+00:00,21429,Philco,Faturado,LP2APP,LP2APP,VER_TODOS,15990,0,5439,0,2026-01-07 08:23:50
1601391150964-02,2026-01-06T18:31:12.4502437+00:00,53683,WebContinental Marketplace,Faturado,LP2APP,LP2APP,VER_TODOS,44593,0,9090,0,2026-01-07 08:23:50
1601391150963-01,2026-01-06T18:30:45.2439208+00:00,121858,Multiloja,Pagamento Aprovado,LP2APP,LP2APP,CELULARES,116590,0,5268,0,2026-01-07 08:23:50
1601381150961-01,2026-01-06T18:27:58.8900912+00:00,12107,Philco,Faturado,,,,9990,0,2117,0,2026-01-07 08:23:50
1601381150957-01,2026-01-06T18:14:56.8223020+00:00,8587,Pense Farma,Pagamento Aprovado,PUSH,	PUSH,060126,6488,0,2099,0,2026-01-07 08:23:51
1601381150951-01,2026-01-06T17:57:22.2026381+00:00,42401,Philco,Faturado,PUSH,	PUSH,040126,39960,0,2441,0,2026-01-07 08:23:51
1601381150946-01,2026-01-06T17:45:34.0864187+00:00,148900,WebContinental Marketplace,Pagamento Aprovado,LP2APP,LP2APP,CAMPO_BUSCA,142900,0,6000,0,2026-01-07 08:23:51
1601381150945-01,2026-01-06T17:45:18.7171137+00:00,81166,Multiloja,Pagamento Aprovado,LP2APP,LP2APP,CELULARES,74990,0,6176,0,2026-01-07 08:23:51
1601381150944-01,2026-01-06T17:45:14.2279366+00:00,26475,WebContinental Marketplace,Pagamento Aprovado,,,,16190,0,10285,0,2026-01-07 08:23:51
1601381150941-01,2026-01-06T17:31:58.4177469+00:00,141058,Pneu Barato,Faturado,APP,APP,TV,134124,0,6934,0,2026-01-07 08:23:52
1601381150940-01,2026-01-06T17:30:45.2052650+00:00,11861,Philco,Faturado,,,,9990,0,1871,0,2026-01-07 08:23:52
1601371150936-02,2026-01-06T17:27:47.6167554+00:00,5395,Encantech Shop,Pagamento Aprovado,LP2APP,LP2APP,VER_TODOS,4990,0,405,0,2026-01-07 08:23:52
1601371150936-03,2026-01-06T17:27:47.6168444+00:00,2346,Mini Preço,Pagamento Aprovado,LP2APP,LP2APP,VER_TODOS,890,0,1456,0,2026-01-07 08:23:52
1601371150936-01,2026-01-06T17:27:47.6166248+00:00,5995,WebContinental Marketplace,Faturado,LP2APP,LP2APP,VER_TODOS,4990,0,1005,0,2026-01-07 08:23:53
1601371150935-01,2026-01-06T17:27:25.1797282+00:00,78816,Encantech Shop,Pagamento Aprovado,LP2APP,LP2APP,CELULARES,77900,0,916,0,2026-01-07 08:23:53
1601371150931-02,2026-01-06T17:19:05.6213883+00:00,81303,Encantech Shop,Pagamento Aprovado,LP2APP,LP2APP,VER_TODOS,80400,0,903,0,2026-01-07 08:23:53
1601371150931-01,2026-01-06T17:19:05.6212545+00:00,41642,WebContinental Marketplace,Pagamento Aprovado,LP2APP,LP2APP,VER_TODOS,34091,0,7551,0,2026-01-07 08:23:54
1601371150921-01,2026-01-06T17:07:01.8106654+00:00,11710,Philco,Faturado,,,,9490,0,2220,0,2026-01-07 08:23:54
1601371150919-01,2026-01-06T17:00:32.9966425+00:00,14048,Encantech Shop,Faturado,,,,11990,0,2058,0,2026-01-07 08:23:54
1601371150916-02,2026-01-06T16:57:07.7609196+00:00,3897,Home2You,Faturado,LP2APP,LP2APP,CAMPO_BUSCA,1392,0,2505,0,2026-01-07 08:23:54
1601371150916-01,2026-01-06T16:57:07.7607158+00:00,24996,Mini Preço,Pagamento Aprovado,LP2APP,LP2APP,CAMPO_BUSCA,23452,0,1544,0,2026-01-07 08:23:55
1601371150914-01,2026-01-06T16:55:46.3933566+00:00,12892,Philco,Faturado,LP2APP,LP2APP,CAMPO_BUSCA,10990,0,1902,0,2026-01-07 08:23:55
1601371150913-01,2026-01-06T16:53:52.2461179+00:00,10379,Indiana,Pagamento Aprovado,LP2APP,LP2APP,CAMPO_BUSCA,9499,0,880,0,2026-01-07 08:23:56
1601371150911-01,2026-01-06T16:51:30.6319337+00:00,11560,Philco,Faturado,,,,9990,0,1570,0,2026-01-07 08:23:56
1601371150908-01,2026-01-06T16:50:05.1933203+00:00,21565,Philco,Faturado,LP2APP,LP2APP,CELULARES,15990,0,5575,0,2026-01-07 08:23:56
1601371150902-01,2026-01-06T16:49:32.4016661+00:00,19538,Encantech Shop,Pagamento Aprovado,LP2APP,LP2APP,CELULARES,18500,0,1038,0,2026-01-07 08:23:56
1601371150901-01,2026-01-06T16:48:46.1667512+00:00,18068,Encantech Shop,Pagamento Aprovado,LP2APP,LP2APP,CAMPO_BUSCA,16700,0,1368,0,2026-01-07 08:23:56
1601371150898-01,2026-01-06T16:41:49.3714365+00:00,80990,Philco,Faturado,LP2APP,LP2APP,VER_TODOS,80990,0,0,0,2026-01-07 08:23:57
1601371150896-01,2026-01-06T16:37:18.9075630+00:00,12107,Philco,Faturado,LP2APP,LP2APP,CAMPO_BUSCA,9990,0,2117,0,2026-01-07 08:23:57
1601371150895-01,2026-01-06T16:36:02.5299466+00:00,70622,Encantech Shop,Pagamento Aprovado,APP,APP,TV,69900,0,722,0,2026-01-07 08:23:57
1601371150891-01,2026-01-06T16:30:42.6138939+00:00,15806,Philco,Faturado,LP2APP,LP2APP,CAMPO_BUSCA,13490,0,2316,0,2026-01-07 08:23:58
1601361150888-01,2026-01-06T16:21:14.6313982+00:00,10878,Indiana,Pagamento Aprovado,LP2APP,LP2APP,VER_TODOS,9699,0,1179,0,2026-01-07 08:23:58
1601361150886-01,2026-01-06T16:15:42.5779937+00:00,20716,Philco,Faturado,APP,APP,TV,17980,0,2736,0,2026-01-07 08:23:58
1601361150885-01,2026-01-06T16:14:39.2145028+00:00,27470,Encantech Shop,Faturado,LP2APP,LP2APP,CAMPO_BUSCA,26990,0,480,0,2026-01-07 08:23:58
1601361150883-01,2026-01-06T16:11:51.1255538+00:00,23559,Philco,Faturado,LP2APP,LP2APP,VER_TODOS,20480,0,3079,0,2026-01-07 08:23:59
1601361150882-01,2026-01-06T16:11:40.6053053+00:00,18369,Philco,Faturado,LP2APP,LP2APP,CAMPO_BUSCA,15990,0,2379,0,2026-01-07 08:23:59
1601361150879-01,2026-01-06T16:00:05.5397086+00:00,17268,WebContinental Marketplace,Pagamento Aprovado,LP2APP,LP2APP,CAMPO_BUSCA,14998,0,2270,0,2026-01-07 08:23:59
1601361150878-01,2026-01-06T16:00:00.4655107+00:00,42919,Multiloja,Pagamento Aprovado,LP2APP,LP2APP,CAMPO_BUSCA,37990,0,4929,0,2026-01-07 08:23:59
1601361150876-01,2026-01-06T15:51:30.3651546+00:00,27587,Philco,Faturado,LP2APP,LP2APP,CAMPO_BUSCA,24990,0,2597,0,2026-01-07 08:24:00
1601361150875-01,2026-01-06T15:45:22.4102204+00:00,3527,Mini Preço,Pagamento Aprovado,LP2APP,LP2APP,VER_TODOS,1899,0,1628,0,2026-01-07 08:24:00
1601361150873-01,2026-01-06T15:40:55.2111499+00:00,89260,Webfones,Faturado,LP2APP,LP2APP,CELULARES,82900,0,6360,0,2026-01-07 08:24:00
1601361150872-01,2026-01-06T15:39:17.2834896+00:00,99414,Webfones,Faturado,LP2APP,LP2APP,CELULARES,94900,0,4514,0,2026-01-07 08:24:01
1601351150864-01,2026-01-06T15:15:09.0575837+00:00,33530,Guimepa,Pagamento Aprovado,BANNER,BANNER,,30990,0,2540,0,2026-01-07 08:24:01
1601351150862-01,2026-01-06T15:12:47.4108611+00:00,20827,Encantech Shop,Pagamento Aprovado,LP2APP,LP2APP,CAMPO_BUSCA,19990,0,837,0,2026-01-07 08:24:02
1601351150859-01,2026-01-06T15:03:37.6797789+00:00,11635,Philco,Faturado,LP2APP,LP2APP,VER_TODOS,9990,0,1645,0,2026-01-07 08:24:02
1601351150856-02,2026-01-06T14:55:57.5244586+00:00,6631,ROVITEX,Faturado,LP2APP,LP2APP,CAMPO_BUSCA,5499,0,1132,0,2026-01-07 08:24:02
1601351150856-03,2026-01-06T14:55:57.5245824+00:00,9096,Home2You,Faturado,LP2APP,LP2APP,CAMPO_BUSCA,5888,0,3208,0,2026-01-07 08:24:02
1601351150856-01,2026-01-06T14:55:57.5242185+00:00,12100,Philco,Faturado,LP2APP,LP2APP,CAMPO_BUSCA,9990,0,2110,0,2026-01-07 08:24:03
1601351150851-01,2026-01-06T14:49:38.6615547+00:00,15544,Encantech Shop,Faturado,LP2APP,LP2APP,VER_TODOS,14900,0,644,0,2026-01-07 08:24:03
1601351150850-01,2026-01-06T14:40:26.5743341+00:00,7186,WebContinental Marketplace,Pagamento Aprovado,LP2APP,LP2APP,VER_TODOS,4990,0,2196,0,2026-01-07 08:24:03
1601351150849-01,2026-01-06T14:37:07.2523098+00:00,15374,Indiana,Pagamento Aprovado,,,,11881,0,3493,0,2026-01-07 08:24:04
1601351150848-01,2026-01-06T14:36:18.6264880+00:00,235404,Encantech Shop,Pagamento Aprovado,APP,APP,TV,232400,0,3004,0,2026-01-07 08:24:04
1601351150847-01,2026-01-06T14:35:56.9976663+00:00,250722,Encantech Shop,Pagamento Aprovado,LP2APP,LP2APP,CAMPO_BUSCA,247500,0,3222,0,2026-01-07 08:24:04
1601351150845-02,2026-01-06T14:33:55.8323335+00:00,11879,Philco,Faturado,LP2APP,LP2APP,VER_TODOS,9990,0,1889,0,2026-01-07 08:24:04
1601351150845-01,2026-01-06T14:33:55.8320893+00:00,5711,WebContinental Marketplace,Faturado,LP2APP,LP2APP,VER_TODOS,3990,0,1721,0,2026-01-07 08:24:05
1601351150844-01,2026-01-06T14:33:11.4048473+00:00,79327,Encantech Shop,Pagamento Aprovado,LP2APP,LP2APP,VER_TODOS,77900,0,1427,0,2026-01-07 08:24:05
1601351150843-01,2026-01-06T14:32:54.2781849+00:00,75998,Madesa,Pagamento Aprovado,APP,APP,TV,69999,0,5999,0,2026-01-07 08:24:05
1601351150842-01,2026-01-06T14:31:00.3665319+00:00,33364,WebContinental Marketplace,Faturado,,,,30990,0,2374,0,2026-01-07 08:24:06
1601351150841-01,2026-01-06T14:30:14.7771921+00:00,7741,Encantech Shop,Faturado,LP2APP,LP2APP,CAMPO_BUSCA,6090,0,1651,0,2026-01-07 08:24:06
1601341150838-03,2026-01-06T14:29:50.2388579+00:00,7497,Mini Preço,Pagamento Aprovado,LP2APP,LP2APP,CAMPO_BUSCA,5990,0,1507,0,2026-01-07 08:24:06
1601341150838-01,2026-01-06T14:29:50.2385742+00:00,61870,Tetrix,Faturado,LP2APP,LP2APP,CAMPO_BUSCA,58900,0,2970,0,2026-01-07 08:24:06
1601341150838-02,2026-01-06T14:29:50.2387442+00:00,23374,Philco,Faturado,LP2APP,LP2APP,CAMPO_BUSCA,20990,0,2384,0,2026-01-07 08:24:07
1601341150833-01,2026-01-06T14:21:27.6400258+00:00,21235,Philco,Faturado,LP GERAL REDE CREDENCIADA,SHOPPING,COMERCIAL PF,18990,0,2245,0,2026-01-07 08:24:07
1601341150830-01,2026-01-06T14:21:09.4810671+00:00,20959,WebContinental Marketplace,Pagamento Aprovado,LP2APP,LP2APP,OFERTAS_DO_DIA,18320,0,2639,0,2026-01-07 08:24:07
1601341150827-01,2026-01-06T14:08:53.9629656+00:00,58841,WebContinental Marketplace,Pagamento Aprovado,APP,APP,ESQUENTA_BLACK2025,44970,0,13871,0,2026-01-07 08:24:07
1601341150826-01,2026-01-06T14:07:39.6569902+00:00,43445,Encantech Shop,Pagamento Aprovado,LP2APP,LP2APP,VER_TODOS,41800,0,1645,0,2026-01-07 08:24:13
1601341150825-01,2026-01-06T14:03:27.7973880+00:00,11552,Philco,Faturado,LP2APP,LP2APP,VER_TODOS,9490,0,2062,0,2026-01-07 08:24:13
1601341150824-01,2026-01-06T14:00:55.4345194+00:00,27733,WebContinental Marketplace,Faturado,LP2APP,LP2APP,CAMPO_BUSCA,24087,0,3646,0,2026-01-07 08:24:13
1601341150823-01,2026-01-06T13:58:24.1016326+00:00,19484,Gama Italy,Faturado,LP2APP,LP2APP,CAMPO_BUSCA,17990,0,1494,0,2026-01-07 08:24:14
1601341150822-01,2026-01-06T13:54:07.7601823+00:00,26739,WebContinental Marketplace,Faturado,LP2APP,LP2APP,VER_TODOS,24085,0,2654,0,2026-01-07 08:24:14
1601341150819-01,2026-01-06T13:51:26.4435296+00:00,49234,WebContinental Marketplace,Faturado,,,,45090,0,4144,0,2026-01-07 08:24:14
1601331150814-01,2026-01-06T13:27:31.3330213+00:00,11214,Philco,Faturado,LP2APP,LP2APP,CAMPO_BUSCA,9490,0,1724,0,2026-01-07 08:24:15
1601331150813-01,2026-01-06T13:23:22.5247188+00:00,11658,Philco,Faturado,LP2APP,LP2APP,VER_TODOS,9490,0,2168,0,2026-01-07 08:24:15
1601331150809-01,2026-01-06T12:58:52.7155891+00:00,61351,Philco,Faturado,LP2APP,LP2APP,CAMPO_BUSCA,57980,0,3371,0,2026-01-07 08:24:16
1601331150798-02,2026-01-06T12:32:07.0490860+00:00,81122,Encantech Shop,Pagamento Aprovado,SALESFORCE,EMAIL,20260105_PT_02_04_MKT_EML_EMM05012026,80400,0,722,0,2026-01-07 08:24:16
1601331150798-01,2026-01-06T12:32:07.0489254+00:00,13568,Philco,Faturado,SALESFORCE,EMAIL,20260105_PT_02_04_MKT_EML_EMM05012026,11990,0,1578,0,2026-01-07 08:24:16
1601331150797-01,2026-01-06T12:31:36.6491486+00:00,57980,Electrolux,Pagamento Aprovado,LP2APP,LP2APP,CAMPO_BUSCA,56990,0,990,0,2026-01-07 08:24:16
1601321150794-01,2026-01-06T12:17:35.4191179+00:00,82867,Encantech Shop,Faturado,LP2APP,LP2APP,CELULARES,77900,0,4967,0,2026-01-07 08:24:16
1601321150793-01,2026-01-06T12:17:18.6988071+00:00,46890,Multiloja,Faturado,,,,41990,0,4900,0,2026-01-07 08:24:17
1601321150792-01,2026-01-06T12:05:37.6060073+00:00,21175,Philco,Faturado,,,,18990,0,2185,0,2026-01-07 08:24:17
1601321150790-01,2026-01-06T11:59:02.4441156+00:00,12921,Encantech Shop,Faturado,,,,11990,0,931,0,2026-01-07 08:24:17
1601321150784-01,2026-01-06T11:34:59.1237242+00:00,30967,WebContinental Marketplace,Faturado,LP2APP,LP2APP,CAMPO_BUSCA,27590,0,3377,0,2026-01-07 08:24:18
1601321150783-01,2026-01-06T11:32:41.0816192+00:00,15980,Philco,Faturado,,,,13490,0,2490,0,2026-01-07 08:24:18
1601321150781-01,2026-01-06T11:30:42.3185771+00:00,81303,Encantech Shop,Pagamento Aprovado,APP,APP,TV,80400,0,903,0,2026-01-07 08:24:18
1601311150776-01,2026-01-06T10:55:21.5775431+00:00,27302,Philco,Faturado,,,,24990,0,2312,0,2026-01-07 08:24:18
1601311150772-01,2026-01-06T10:41:14.3317979+00:00,26361,Philco,Faturado,LP2APP,LP2APP,CAMPO_BUSCA,23990,0,2371,0,2026-01-07 08:24:19
1601301150768-01,2026-01-06T10:26:12.8466112+00:00,13939,WebContinental Marketplace,Pagamento Aprovado,LP2APP,LP2APP,CAMPO_BUSCA,11525,0,2414,0,2026-01-07 08:24:19
1601301150768-02,2026-01-06T10:26:12.8467724+00:00,45837,Mini Preço,Pagamento Aprovado,LP2APP,LP2APP,CAMPO_BUSCA,44509,0,1328,0,2026-01-07 08:24:19
1601301150768-03,2026-01-06T10:26:12.8469955+00:00,8904,Electrolux,Pagamento Aprovado,LP2APP,LP2APP,CAMPO_BUSCA,7990,0,914,0,2026-01-07 08:24:19
1601301150766-01,2026-01-06T10:11:18.9110744+00:00,16947,Casa do Inox,Pagamento Aprovado,,,,15813,0,1134,0,2026-01-07 08:24:20
1601301150765-01,2026-01-06T09:51:39.6054315+00:00,177178,Philco,Faturado,PUSH,	PUSH,030126,169990,0,7188,0,2026-01-07 08:24:20
1601301150764-01,2026-01-06T09:35:12.8415270+00:00,17034,WebContinental Marketplace,Pagamento Aprovado,LP2APP,LP2APP,VER_TODOS,14990,0,2044,0,2026-01-07 08:24:21
1601271150763-01,2026-01-06T06:37:32.6483334+00:00,7668,Mini Preço,Pagamento Aprovado,LP2APP,LP2APP,CABELO,5999,0,1669,0,2026-01-07 08:24:21
1601261150761-01,2026-01-06T05:31:42.8650274+00:00,5544,WebContinental Marketplace,Faturado,LP2APP,LP2APP,ELETROPORTATEIS,3230,0,2314,0,2026-01-07 08:24:21
1601261150761-02,2026-01-06T05:31:42.8652049+00:00,46970,Electrolux,Pagamento Aprovado,LP2APP,LP2APP,ELETROPORTATEIS,45980,0,990,0,2026-01-07 08:24:21
1601251150760-01,2026-01-06T04:57:16.7238916+00:00,17748,Mini Preço,Pagamento Aprovado,LP2APP,LP2APP,CELULARES,15980,0,1768,0,2026-01-07 08:24:22
1601251150759-01,2026-01-06T04:56:04.6493691+00:00,11463,Indiana,Pagamento Aprovado,LP2APP,LP2APP,CAMPO_BUSCA,9224,0,2239,0,2026-01-07 08:24:22
1601251150755-01,2026-01-06T04:33:44.2175075+00:00,17350,Encantech Shop,Faturado,APP,APP,TV,16700,0,650,0,2026-01-07 08:24:22
1601241150753-01,2026-01-06T03:48:17.6422793+00:00,22316,Philco,Faturado,LP2APP,LP2APP,VER_TODOS,15990,0,6326,0,2026-01-07 08:24:22
1601241150752-01,2026-01-06T03:43:05.7375752+00:00,20345,MMPlace,Faturado,LP2APP,LP2APP,VER_TODOS,18990,0,1355,0,2026-01-07 08:24:23
1601241150747-01,2026-01-06T03:36:55.1107559+00:00,15565,Encantech Shop,Pagamento Aprovado,LP2APP,LP2APP,VER_TODOS,14900,0,665,0,2026-01-07 08:24:23
1601241150746-01,2026-01-06T03:33:52.1595284+00:00,183028,Encantech Shop,Pagamento Aprovado,APP,APP,TV,181400,0,1628,0,2026-01-07 08:24:23
1601241150744-01,2026-01-06T03:30:33.4097346+00:00,10996,WebContinental Marketplace,Faturado,APP,APP,TV,8396,0,2600,0,2026-01-07 08:24:23
1601231150741-01,2026-01-06T03:21:29.5670390+00:00,21056,Electrolux,Pagamento Aprovado,LP2APP,LP2APP,VER_TODOS,18990,0,2066,0,2026-01-07 08:24:23
1601231150738-01,2026-01-06T03:16:24.6330233+00:00,167736,Philco,Faturado,APP,APP,TV,159990,0,7746,0,2026-01-07 08:24:24
1601231150737-01,2026-01-06T03:12:47.6375625+00:00,19990,Electrolux,Pagamento Aprovado,PUSH,	PUSH,050126,19990,0,0,0,2026-01-07 08:24:24
1601231150736-01,2026-01-06T03:05:38.7869278+00:00,18326,MMPlace,Faturado,LP2APP,LP2APP,VER_TODOS,16189,0,2137,0,2026-01-07 08:24:24
1601231150734-02,2026-01-06T03:04:30.4074708+00:00,13533,WebContinental Marketplace,Faturado,LP2APP,LP2APP,CAMPO_BUSCA,11990,0,1543,0,2026-01-07 08:24:24
1601231150734-01,2026-01-06T03:04:30.4073153+00:00,24230,Philco,Faturado,LP2APP,LP2APP,CAMPO_BUSCA,18980,0,5250,0,2026-01-07 08:24:25
1601231150730-01,2026-01-06T02:43:02.8436559+00:00,7692,WebContinental Marketplace,Faturado,LP2APP,LP2APP,CAMPO_BUSCA,6237,0,1455,0,2026-01-07 08:24:25
1601231150728-02,2026-01-06T02:41:09.2828170+00:00,12290,Nutrify,Faturado,LP2APP,LP2APP,CAMPO_BUSCA,10990,0,1300,0,2026-01-07 08:24:25
1601231150728-01,2026-01-06T02:41:09.2826829+00:00,22579,WebContinental Marketplace,Faturado,LP2APP,LP2APP,CAMPO_BUSCA,17390,0,5189,0,2026-01-07 08:24:25
1601231150727-01,2026-01-06T02:34:23.8402489+00:00,40980,Electrolux,Pagamento Aprovado,PUSH,	PUSH,030126,39990,0,990,0,2026-01-07 08:24:26
1601221150724-01,2026-01-06T02:24:07.2393653+00:00,38526,Shophub,Faturado,LP2APP,LP2APP,VER_TODOS,33756,0,4770,0,2026-01-07 08:24:26
1601221150718-01,2026-01-06T02:14:24.6782185+00:00,12105,Philco,Faturado,,,,9990,0,2115,0,2026-01-07 08:24:26
1601221150714-01,2026-01-06T02:03:21.7691095+00:00,11424,Philco,Faturado,LP2APP,LP2APP,OFERTAS_DO_DIA,9490,0,1934,0,2026-01-07 08:24:26
1601221150714-02,2026-01-06T02:03:21.7692493+00:00,9880,Black Skull,Faturado,LP2APP,LP2APP,OFERTAS_DO_DIA,7790,0,2090,0,2026-01-07 08:24:26
1601221150713-01,2026-01-06T02:02:22.9606577+00:00,19667,Encantech Shop,Faturado,APP,APP,ESQUENTA_BLACK2025,18991,0,676,0,2026-01-07 08:24:27
1601221150712-01,2026-01-06T02:01:39.9905374+00:00,131477,WebContinental Marketplace,Faturado,LP2APP,LP2APP,CAMPO_BUSCA,110000,0,21477,0,2026-01-07 08:24:27
1601221150711-01,2026-01-06T02:00:58.7118634+00:00,13031,ROVITEX,Faturado,LP2APP,LP2APP,VER_TODOS,12159,0,872,0,2026-01-07 08:24:27
1601221150710-01,2026-01-06T01:58:14.5149348+00:00,59981,Mini Preço,Pagamento Aprovado,,,,58513,0,1468,0,2026-01-07 08:24:27
1601221150708-01,2026-01-06T01:57:49.1367573+00:00,11480,Electrolux,Faturado,APP,APP,TV,9490,0,1990,0,2026-01-07 08:24:28
1601221150708-02,2026-01-06T01:57:49.1369242+00:00,19577,Encantech Shop,Faturado,APP,APP,TV,18900,0,677,0,2026-01-07 08:24:28
1601221150707-01,2026-01-06T01:53:25.5568986+00:00,312036,Encantech Shop,Faturado,APP,APP,TV,305900,0,6136,0,2026-01-07 08:24:28
1601221150705-01,2026-01-06T01:50:13.7564863+00:00,210836,WebContinental Marketplace,Faturado,LP2APP,LP2APP,CAMPO_BUSCA,178773,0,32063,0,2026-01-07 08:24:28
1601221150704-01,2026-01-06T01:47:25.6767367+00:00,17133,Philco,Faturado,LP2APP,LP2APP,VER_TODOS,12990,0,4143,0,2026-01-07 08:24:29
1601221150702-02,2026-01-06T01:44:41.1749901+00:00,7668,Mini Preço,Pagamento Aprovado,,,,5999,0,1669,0,2026-01-07 08:24:29
1601221150702-01,2026-01-06T01:44:41.1748587+00:00,37337,Philco,Faturado,,,,29990,0,7347,0,2026-01-07 08:24:29
1601211150699-01,2026-01-06T01:27:58.1352387+00:00,19990,Electrolux,Pagamento Aprovado,LP2APP,LP2APP,CAMPO_BUSCA,19990,0,0,0,2026-01-07 08:24:29
1601211150697-01,2026-01-06T01:25:39.4113278+00:00,87900,Direct Stock,Faturado,LP2APP,LP2APP,CAMPO_BUSCA,87900,0,0,0,2026-01-07 08:24:29
1601211150694-01,2026-01-06T01:17:47.9935191+00:00,9899,WebContinental Marketplace,Pagamento Aprovado,,,,6931,0,2968,0,2026-01-07 08:24:30
1601211150693-01,2026-01-06T01:17:12.3805072+00:00,17983,Philco,Faturado,LP2APP,LP2APP,VER_TODOS,15990,0,1993,0,2026-01-07 08:24:30
1601211150691-02,2026-01-06T01:15:56.2973974+00:00,3504,Indiana,Pagamento Aprovado,LP2APP,LP2APP,VER_TODOS,1998,0,1506,0,2026-01-07 08:24:30
1601211150691-01,2026-01-06T01:15:56.2972494+00:00,8980,Electrolux,Pagamento Aprovado,LP2APP,LP2APP,VER_TODOS,7990,0,990,0,2026-01-07 08:24:30
1601211150689-01,2026-01-06T01:13:00.7607778+00:00,7497,WebContinental Marketplace,Faturado,APP,APP,TV,6100,0,1397,0,2026-01-07 08:24:30
1601211150686-02,2026-01-06T01:12:41.0107182+00:00,4126,Pense Farma,Pagamento Aprovado,,,,3057,0,1069,0,2026-01-07 08:24:31
1601211150686-01,2026-01-06T01:12:41.0105809+00:00,3220,Farma Conde,Faturado,,,,2169,0,1051,0,2026-01-07 08:24:31
1601211150686-03,2026-01-06T01:12:41.0108256+00:00,1627,Indiana,Pagamento Aprovado,,,,1049,0,578,0,2026-01-07 08:24:31
1601211150685-01,2026-01-06T01:08:38.5794079+00:00,42980,Electrolux,Pagamento Aprovado,LP2APP,LP2APP,CAMPO_BUSCA,41990,0,990,0,2026-01-07 08:24:31
1601211150684-01,2026-01-06T01:07:08.1018889+00:00,13969,ROVITEX,Faturado,LP2APP,LP2APP,CAMPO_BUSCA,11998,0,1971,0,2026-01-07 08:24:31
1601211150682-01,2026-01-06T00:55:13.8924864+00:00,5973,Indiana,Pagamento Aprovado,LP2APP,LP2APP,CAMPO_BUSCA,5178,0,795,0,2026-01-07 08:24:32
1601211150681-01,2026-01-06T00:52:41.2674803+00:00,11870,Philco,Faturado,LP2APP,LP2APP,CAMPO_BUSCA,9990,0,1880,0,2026-01-07 08:24:32
1601211150680-01,2026-01-06T00:52:03.9452675+00:00,19890,Multiloja,Faturado,LP2APP,LP2APP,VER_TODOS,15990,0,3900,0,2026-01-07 08:24:33
1601211150675-01,2026-01-06T00:35:10.7650979+00:00,21504,Philco,Faturado,PUSH,	PUSH,050126,18990,0,2514,0,2026-01-07 08:24:33
1601211150674-01,2026-01-06T00:34:33.4410952+00:00,60076,Encantech Shop,Faturado,,,,58900,0,1176,0,2026-01-07 08:24:33
1601211150672-01,2026-01-06T00:32:59.8626697+00:00,65492,WebContinental Marketplace,Faturado,,,,57990,0,7502,0,2026-01-07 08:24:33
1601211150670-01,2026-01-06T00:32:02.1052194+00:00,21894,WebContinental Marketplace,Pagamento Aprovado,LP2APP,LP2APP,VER_TODOS,19940,0,1954,0,2026-01-07 08:24:33
1601211150668-01,2026-01-06T00:30:11.0453448+00:00,72890,Encantech Shop,Faturado,LP2APP,LP2APP,VER_TODOS,72040,0,850,0,2026-01-07 08:24:34
1601201150667-01,2026-01-06T00:29:19.0589938+00:00,47900,Direct Stock,Faturado,LP2APP,LP2APP,CAMPO_BUSCA,47900,0,0,0,2026-01-07 08:24:34
1601201150660-01,2026-01-06T00:19:07.9543959+00:00,16032,Mini Preço,Pagamento Aprovado,LP2APP,LP2APP,CAMPO_BUSCA,14999,0,1033,0,2026-01-07 08:24:34
1601201150659-01,2026-01-06T00:13:11.9779142+00:00,32971,Philco,Faturado,LP2APP,LP2APP,CAMPO_BUSCA,28470,0,4501,0,2026-01-07 08:24:34
1601201150657-02,2026-01-06T00:10:04.0340129+00:00,36418,Tetrix,Faturado,LP2APP,LP2APP,OFERTAS_DO_DIA,32990,0,3428,0,2026-01-07 08:24:34
1601201150657-01,2026-01-06T00:10:04.0338603+00:00,79641,WebContinental Marketplace,Faturado,LP2APP,LP2APP,OFERTAS_DO_DIA,64916,0,14725,0,2026-01-07 08:24:35
1601201150655-01,2026-01-06T00:09:32.0750978+00:00,7343,WebContinental Marketplace,Faturado,,,,6291,0,1052,0,2026-01-07 08:24:35
1601201150648-01,2026-01-06T00:06:39.2842998+00:00,27608,Marin Brasil,Faturado,LP2APP,LP2APP,CAMPO_BUSCA,26145,0,1463,0,2026-01-07 08:24:35
1601201150646-02,2026-01-06T00:06:13.1722813+00:00,10976,Encantech Shop,Pagamento Aprovado,LP2APP,LP2APP,CAMPO_BUSCA,9990,0,986,0,2026-01-07 08:24:35
1601201150646-01,2026-01-06T00:06:13.1721442+00:00,38638,Electrolux,Faturado,LP2APP,LP2APP,CAMPO_BUSCA,35990,0,2648,0,2026-01-07 08:24:35
1601201150643-01,2026-01-06T00:05:58.1005528+00:00,5268,Indiana,Pagamento Aprovado,LP2APP,LP2APP,CAMPO_BUSCA,4289,0,979,0,2026-01-07 08:24:36
1601201150643-02,2026-01-06T00:05:58.1007796+00:00,16180,Encantech Shop,Pagamento Aprovado,LP2APP,LP2APP,CAMPO_BUSCA,14690,0,1490,0,2026-01-07 08:24:36
1601201150641-01,2026-01-06T00:03:46.3033370+00:00,16448,Guimepa,Faturado,LP2APP,LP2APP,CAMPO_BUSCA,13290,0,3158,0,2026-01-07 08:24:36
1601201150639-01,2026-01-05T23:59:53.9650952+00:00,21637,Mini Preço,Faturado,LP2APP,LP2APP,CAMPO_BUSCA,19990,0,1647,0,2026-01-07 08:24:36
1601201150637-01,2026-01-05T23:56:45.9923538+00:00,3109,WebContinental Marketplace,Pagamento Aprovado,LP2APP,LP2APP,VER_TODOS,1030,0,2079,0,2026-01-07 08:24:37
1601201150637-02,2026-01-05T23:56:45.9925093+00:00,4815,Indiana,Pagamento Aprovado,LP2APP,LP2APP,VER_TODOS,3999,0,816,0,2026-01-07 08:24:37
1601201150634-01,2026-01-05T23:52:04.8061659+00:00,19831,WebContinental Marketplace,Faturado,LP2APP,LP2APP,CAMPO_BUSCA,18320,0,1511,0,2026-01-07 08:24:37
1601201150633-01,2026-01-05T23:47:48.2202662+00:00,7404,Mini Preço,Faturado,LP2APP,LP2APP,CAMPO_BUSCA,4999,0,2405,0,2026-01-07 08:24:37
1601201150628-01,2026-01-05T23:41:40.6500884+00:00,9526,Mini Preço,Pagamento Aprovado,PUSH,	PUSH,050126,7999,0,1527,0,2026-01-07 08:24:37
1601201150627-01,2026-01-05T23:40:01.3636017+00:00,21387,Philco,Faturado,LP2APP,LP2APP,CAMPO_BUSCA,18990,0,2397,0,2026-01-07 08:24:38
1601201150625-01,2026-01-05T23:38:23.2274928+00:00,203890,Electrolux,Pagamento Aprovado,LP2APP,LP2APP,CAMPO_BUSCA,199900,0,3990,0,2026-01-07 08:24:38
1601201150624-01,2026-01-05T23:36:43.3985751+00:00,77800,WebContinental Marketplace,Faturado,LP2APP,LP2APP,CAMPO_BUSCA,69900,0,7900,0,2026-01-07 08:24:38
1601201150622-01,2026-01-05T23:36:05.7455090+00:00,10191,WebContinental Marketplace,Faturado,LP2APP,LP2APP,VER_TODOS,6990,0,3201,0,2026-01-07 08:24:38
1601201150620-01,2026-01-05T23:30:35.1694082+00:00,54497,Encantech Shop,Pagamento Aprovado,,,,53900,0,597,0,2026-01-07 08:24:38
1601191150618-01,2026-01-05T23:29:20.1478913+00:00,5225,ROVITEX,Faturado,LP2APP,LP2APP,CAMPO_BUSCA,4499,0,726,0,2026-01-07 08:24:39
1601191150615-01,2026-01-05T23:24:20.2675973+00:00,45796,WebContinental Marketplace,Faturado,LP2APP,LP2APP,CAMPO_BUSCA,37100,0,8696,0,2026-01-07 08:24:39
1601191150615-02,2026-01-05T23:24:20.2678435+00:00,5145,Mini Preço,Faturado,LP2APP,LP2APP,CAMPO_BUSCA,3490,0,1655,0,2026-01-07 08:24:39
1601191150613-01,2026-01-05T23:21:47.7395729+00:00,62198,Philco,Faturado,PUSH,	PUSH,050126,56970,0,5228,0,2026-01-07 08:24:39
1601191150611-01,2026-01-05T23:20:05.5030457+00:00,8062,Indiana,Pagamento Aprovado,LP2APP,LP2APP,CAMPO_BUSCA,6990,0,1072,0,2026-01-07 08:24:39
1601191150609-01,2026-01-05T23:17:15.3958059+00:00,4736,Indiana,Pagamento Aprovado,LP2APP,LP2APP,CAMPO_BUSCA,3890,0,846,0,2026-01-07 08:24:40
1601191150608-01,2026-01-05T23:17:07.9432374+00:00,19479,Mini Preço,Pagamento Aprovado,LP2APP,LP2APP,CAMPO_BUSCA,17990,0,1489,0,2026-01-07 08:24:40
1601191150606-02,2026-01-05T23:16:49.6415016+00:00,5780,Encantech Shop,Pagamento Aprovado,LP2APP,LP2APP,CAMPO_BUSCA,4190,0,1590,0,2026-01-07 08:24:40
1601191150606-01,2026-01-05T23:16:49.6413515+00:00,9320,Indiana,Pagamento Aprovado,LP2APP,LP2APP,CAMPO_BUSCA,7489,0,1831,0,2026-01-07 08:24:40
1601191150602-02,2026-01-05T23:12:49.2266240+00:00,11899,Philco,Faturado,LP2APP,LP2APP,CAMPO_BUSCA,9990,0,1909,0,2026-01-07 08:24:40
1601191150602-01,2026-01-05T23:12:49.2264953+00:00,13792,Multiloja,Faturado,LP2APP,LP2APP,CAMPO_BUSCA,9990,0,3802,0,2026-01-07 08:24:41
1601191150601-01,2026-01-05T23:10:57.8049881+00:00,213603,Encantech Shop,Pagamento Aprovado,APP,APP,TV,208900,0,4703,0,2026-01-07 08:24:41
1601191150600-01,2026-01-05T23:08:09.8386507+00:00,21477,Philco,Faturado,,,,18990,0,2487,0,2026-01-07 08:24:41
1601191150599-01,2026-01-05T23:07:36.9691572+00:00,16964,WebContinental Marketplace,Faturado,LP2APP,LP2APP,CAMPO_BUSCA,14990,0,1974,0,2026-01-07 08:24:41
1601191150598-01,2026-01-05T23:06:35.8121344+00:00,81122,Encantech Shop,Pagamento Aprovado,PUSH,PUSH,BASEHASH-28112025,80400,0,722,0,2026-01-07 08:24:41
1601191150592-01,2026-01-05T22:50:16.6411686+00:00,55645,WebContinental Marketplace,Faturado,,,,47400,0,8245,0,2026-01-07 08:24:41
1601191150588-01,2026-01-05T22:48:49.7947506+00:00,50946,Philco,Faturado,,,,47990,0,2956,0,2026-01-07 08:24:42
1601191150588-02,2026-01-05T22:48:49.7948830+00:00,36980,Electrolux,Pagamento Aprovado,,,,35990,0,990,0,2026-01-07 08:24:42
1601191150588-03,2026-01-05T22:48:49.7949627+00:00,5429,WebContinental Marketplace,Faturado,,,,4290,0,1139,0,2026-01-07 08:24:42
1601191150587-01,2026-01-05T22:48:28.2566459+00:00,87510,Webfones,Pagamento Aprovado,LP2APP,LP2APP,CELULARES,84900,0,2610,0,2026-01-07 08:24:43
1601191150583-02,2026-01-05T22:44:35.8371846+00:00,9688,Indiana,Pagamento Aprovado,LP2APP,LP2APP,VER_TODOS,7786,0,1902,0,2026-01-07 08:24:43
1601191150583-01,2026-01-05T22:44:35.8370196+00:00,5467,Mini Preço,Faturado,LP2APP,LP2APP,VER_TODOS,3999,0,1468,0,2026-01-07 08:24:43
1601191150582-01,2026-01-05T22:40:43.0714857+00:00,11477,Mini Preço,Pagamento Aprovado,LP2APP,LP2APP,CAMPO_BUSCA,9990,0,1487,0,2026-01-07 08:24:43
1601191150580-01,2026-01-05T22:37:44.8104432+00:00,33079,Encantech Shop,Pagamento Aprovado,LP2APP,LP2APP,CAMPO_BUSCA,31200,0,1879,0,2026-01-07 08:24:44
1601191150579-01,2026-01-05T22:35:40.3101410+00:00,23577,Indiana,Pagamento Aprovado,LP2APP,LP2APP,CAMPO_BUSCA,22700,0,877,0,2026-01-07 08:24:44
1601191150578-01,2026-01-05T22:32:54.7651617+00:00,22039,WebContinental Marketplace,Faturado,LP2APP,LP2APP,CAMPO_BUSCA,19990,0,2049,0,2026-01-07 08:24:44
1601181150573-01,2026-01-05T22:29:02.8241436+00:00,99414,Webfones,Pagamento Aprovado,LP2APP,LP2APP,CELULARES,94900,0,4514,0,2026-01-07 08:24:44
1601181150571-01,2026-01-05T22:22:17.1257052+00:00,18944,WebContinental Marketplace,Faturado,,,,13850,0,5094,0,2026-01-07 08:24:44
1601181150568-01,2026-01-05T22:21:23.7553258+00:00,18198,ROVITEX,Faturado,SALESFORCE,EMAIL,EMM30122025,16997,0,1201,0,2026-01-07 08:24:45
1601181150568-02,2026-01-05T22:21:23.7555994+00:00,44163,WebContinental Marketplace,Faturado,SALESFORCE,EMAIL,EMM30122025,31068,0,13095,0,2026-01-07 08:24:45
1601181150567-01,2026-01-05T22:21:20.8905030+00:00,18168,WebContinental Marketplace,Faturado,LP2APP,LP2APP,CAMPO_BUSCA,13990,0,4178,0,2026-01-07 08:24:45
1601181150565-01,2026-01-05T22:17:40.9309572+00:00,14738,Mini Preço,Faturado,LP2APP,LP2APP,VER_TODOS,12999,0,1739,0,2026-01-07 08:24:45
1601181150563-01,2026-01-05T22:13:19.1586252+00:00,87510,Webfones,Pagamento Aprovado,LP2APP,LP2APP,CAMPO_BUSCA,84900,0,2610,0,2026-01-07 08:24:45
1601181150560-01,2026-01-05T22:11:54.0730694+00:00,10581,WebContinental Marketplace,Faturado,LP2APP,LP2APP,CAMPO_BUSCA,3326,0,7255,0,2026-01-07 08:24:46
1601181150560-02,2026-01-05T22:11:54.0732423+00:00,6524,Pense Farma,Faturado,LP2APP,LP2APP,CAMPO_BUSCA,4564,0,1960,0,2026-01-07 08:24:46
1601181150559-01,2026-01-05T22:08:20.1429922+00:00,6427,Mini Preço,Faturado,LP2APP,LP2APP,CELULARES,4990,0,1437,0,2026-01-07 08:24:46
1601181150556-01,2026-01-05T22:06:22.9847266+00:00,189900,Philco,Faturado,LP2APP,LP2APP,CAMPO_BUSCA,189900,0,0,0,2026-01-07 08:24:46
1601181150552-01,2026-01-05T22:02:27.2038718+00:00,21114,Philco,Faturado,LP2APP,LP2APP,CAMPO_BUSCA,18980,0,2134,0,2026-01-07 08:24:47
1601181150550-01,2026-01-05T21:58:35.2176022+00:00,265860,Philco,Faturado,,,,265860,0,0,0,2026-01-07 08:24:47
1601181150549-01,2026-01-05T21:58:10.9930153+00:00,23078,WebContinental Marketplace,Faturado,APP,APP,TV,19078,0,4000,0,2026-01-07 08:24:47
1601181150548-01,2026-01-05T21:57:12.5113429+00:00,82505,WebContinental Marketplace,Faturado,LP2APP,LP2APP,CAMPO_BUSCA,78900,0,3605,0,2026-01-07 08:24:47
1601181150543-01,2026-01-05T21:55:45.9730602+00:00,97718,Webfones,Pagamento Aprovado,,,,94900,0,2818,0,2026-01-07 08:24:48
1601181150541-01,2026-01-05T21:53:20.4169772+00:00,136836,Encantech Shop,Pagamento Aprovado,LP2APP,LP2APP,CELULARES,134900,0,1936,0,2026-01-07 08:24:48
1601181150539-01,2026-01-05T21:50:53.5792821+00:00,15107,Indiana,Pagamento Aprovado,LP2APP,LP2APP,VER_TODOS,14075,0,1032,0,2026-01-07 08:24:48
1601171150530-02,2026-01-05T21:25:45.5948081+00:00,8129,Fmiligrama,Pagamento Aprovado,LP2APP,LP2APP,CELULARES,7075,0,1054,0,2026-01-07 08:24:48
1601171150530-01,2026-01-05T21:25:45.5946297+00:00,81438,WebContinental Marketplace,Faturado,LP2APP,LP2APP,CELULARES,77450,0,3988,0,2026-01-07 08:24:49
1601171150528-01,2026-01-05T21:17:53.8472296+00:00,28216,Philco,Faturado,LP2APP,LP2APP,VER_TODOS,25990,0,2226,0,2026-01-07 08:24:49
1601171150527-01,2026-01-05T21:17:13.2084285+00:00,195721,Encantech Shop,Faturado,LP2APP,LP2APP,CELULARES,194900,0,821,0,2026-01-07 08:24:49
1601171150526-01,2026-01-05T21:12:35.9286338+00:00,166038,Encantech Shop,Pagamento Aprovado,APP,APP,TV,161200,0,4838,0,2026-01-07 08:24:49
1601171150524-01,2026-01-05T21:12:35.2533117+00:00,56927,Mini Preço,Faturado,,,,54990,0,1937,0,2026-01-07 08:24:50
1601171150524-02,2026-01-05T21:12:35.2534461+00:00,15137,Philco,Faturado,,,,9990,0,5147,0,2026-01-07 08:24:50
1601171150521-02,2026-01-05T21:12:13.2548098+00:00,14080,Encantech Shop,Faturado,,,,12590,0,1490,0,2026-01-07 08:24:50
1601171150521-03,2026-01-05T21:12:13.2548813+00:00,11077,Gama Italy,Faturado,,,,9990,0,1087,0,2026-01-07 08:24:50
1601171150521-01,2026-01-05T21:12:13.2546826+00:00,24257,WebContinental Marketplace,Faturado,,,,10381,0,13876,0,2026-01-07 08:24:51
1601171150520-01,2026-01-05T21:10:23.9467587+00:00,19870,Encantech Shop,Faturado,LP2APP,LP2APP,CAMPO_BUSCA,18900,0,970,0,2026-01-07 08:24:51
1601171150515-02,2026-01-05T21:07:51.7169519+00:00,48696,Encantech Shop,Pagamento Aprovado,LP2APP,LP2APP,VER_TODOS,47990,0,706,0,2026-01-07 08:24:51
1601171150515-01,2026-01-05T21:07:51.7167322+00:00,14378,ROVITEX,Faturado,LP2APP,LP2APP,VER_TODOS,13498,0,880,0,2026-01-07 08:24:51
1601171150509-01,2026-01-05T21:03:42.0408460+00:00,28980,Electrolux,Faturado,LP2APP,LP2APP,CAMPO_BUSCA,27990,0,990,0,2026-01-07 08:24:51
1601171150503-02,2026-01-05T20:58:30.3063149+00:00,12107,Philco,Faturado,PUSH,	PUSH,040126,9990,0,2117,0,2026-01-07 08:24:52
1601171150503-01,2026-01-05T20:58:30.3061320+00:00,16587,Mini Preço,Pagamento Aprovado,PUSH,	PUSH,040126,14990,0,1597,0,2026-01-07 08:24:52
1601171150499-01,2026-01-05T20:53:37.1537319+00:00,21141,Philco,Faturado,LP2APP,LP2APP,VER_TODOS,18980,0,2161,0,2026-01-07 08:24:52
1601171150497-01,2026-01-05T20:47:37.5062850+00:00,33470,WebContinental Marketplace,Pagamento Aprovado,LP2APP,LP2APP,VER_TODOS,29980,0,3490,0,2026-01-07 08:24:52
1601171150496-01,2026-01-05T20:47:11.6750257+00:00,19584,Encantech Shop,Pagamento Aprovado,,,,18900,0,684,0,2026-01-07 08:24:52
1601171150493-01,2026-01-05T20:38:38.6734286+00:00,27980,Electrolux,Faturado,,,,26990,0,990,0,2026-01-07 08:24:52
1601171150488-01,2026-01-05T20:30:47.6480695+00:00,17114,WebContinental Marketplace,Faturado,,,,14990,0,2124,0,2026-01-07 08:24:53
